{"train/loss_classification": [0.7163491473298207, 0.23485293919133526, 0.17802192464853836, 0.14942083842225512, 0.14487180077997427, 0.13494435323904938, 0.1539056707134418, 0.142789271506742, 0.14461363438586486, 0.15085472915077877, 0.11673452455885534], "train/classification_loss_outlier": [0.9390453796520412, 0.18597355402492544, 0.20065554555078022, 0.13575299530831522, 0.0995199839660961, 0.11064107939707024, 0.08636458334867435, 0.04700874714011508, 0.1526947142159192, 0.036003730667221186, 0.12374390207519907], "train/classification_loss_non_outlier": [0.498166914228524, 0.27322414743237444, 0.1551381954096397, 0.16711282589968957, 0.18681282465069807, 0.15894518591534013, 0.22421473729180416, 0.22592471477468976, 0.12722688709128926, 0.25704251501056535, 0.11030877973891161], "train/recall": [0.5, 0.913108321815935, 0.935466837785039, 0.9501185476007556, 0.9577375507342769, 0.9647471099009612, 0.9516799578151931, 0.9520294895831508, 0.9501968859411516, 0.9562512607326721, 0.9674319306049725], "train/precision": [0.2526906878802059, 0.9129364471275199, 0.9361368933050378, 0.9501644039218573, 0.9576919438502814, 0.9646934780323734, 0.9524992294284828, 0.9528741004549978, 0.9505428613036743, 0.9561344478133313, 0.9675164077355134], "train/f1_score": [0.335716506061548, 0.9129501829114457, 0.9356108472672424, 0.9501401736305104, 0.9576505206929669, 0.9646695393119764, 0.9517719261343218, 0.9515564136180052, 0.9503398049738679, 0.9550770536527813, 0.967467754889795], "validation/loss_classification": [0.5329504280254759, 0.301469339443178, 0.18843057748444123, 0.19635258541153422, 0.22340895309401998, 0.17219370127262162, 0.2114835736213316, 0.26159507104452573, 0.141754364530588, 0.25202670562329926, 0.1317405717029409], "validation/classification_loss_outlier": [0.9383169130275124, 0.3047160947401273, 0.34048723311800705, 0.2256222424636546, 0.15552695123111143, 0.19595794135851688, 0.1173060151386859, 0.05900546517161848, 0.2112120857560321, 0.054957659627114866, 0.2088669165968895], "validation/classification_loss_non_outlier": [0.4978741957195874, 0.32057954833425323, 0.19320851407045947, 0.20999053698675385, 0.24356666390366596, 0.18187197324105314, 0.2320040003075425, 0.29153244628506747, 0.144713061925923, 0.280738615436913, 0.13491745665343277], "validation/recall": [0.5, 0.8962225161183667, 0.9213506364688377, 0.9223012068110431, 0.9303190610018185, 0.9388741940816664, 0.9657794676806084, 0.9591254752851711, 0.9346586212597123, 0.9610266159695817, 0.943627045792693], "validation/precision": [0.4597902097902098, 0.7152109008462971, 0.7617659896782807, 0.7651821862348178, 0.7591338974614237, 0.7915145359211574, 0.7804878048780488, 0.7584269662921348, 0.8191321499013806, 0.764367816091954, 0.8132002801120448], "validation/f1_score": [0.4790528233151184, 0.7666058198217546, 0.815882237487733, 0.8191018342820999, 0.8152682086614174, 0.8452469768395163, 0.8416584645669292, 0.8194325147744375, 0.8653096465293949, 0.8255877081427605, 0.8636007494464316], "test/loss_classification": [0.5385600707288516, 0.2595886773098323, 0.1490729036662033, 0.1508331204275206, 0.18135736437545993, 0.13683713627663457, 0.179307375687285, 0.2303290252684284, 0.11252886919951918, 0.21625854629012992, 0.10625388754050295], "test/classification_loss_outlier": [0.9382008877065446, 0.16801540869184667, 0.1580498497092372, 0.09288344050987184, 0.049255140187597135, 0.08082096889888311, 0.045629356650655005, 0.025083894182494584, 0.0887654929691861, 0.020664720058751602, 0.08196572636047171], "test/classification_loss_non_outlier": [0.498145706067651, 0.29687490421584095, 0.16362275603085252, 0.17258217591413502, 0.2099406397112219, 0.15338044936405654, 0.20799892031098322, 0.27346583285321624, 0.12078638391379835, 0.2567455811520754, 0.11433995167440655], "test/recall": [0.5, 0.9216095795043163, 0.9468462823725982, 0.9551656920077972, 0.9718045112781954, 0.959864940128098, 0.9736842105263157, 0.9614661654135339, 0.9626844890002784, 0.9661654135338346, 0.9626844890002784], "test/precision": [0.4539249146757679, 0.761892406158104, 0.8239703210175651, 0.8230237154150197, 0.8214285714285714, 0.8447097195042401, 0.8292682926829269, 0.7842105263157895, 0.8591655858192824, 0.8, 0.8591655858192824], "test/f1_score": [0.47584973166368516, 0.8144003378378377, 0.8719405594405594, 0.8736088344405142, 0.8767975780001682, 0.8911161155581322, 0.8835453100158983, 0.8423770066982883, 0.9021821603083553, 0.8574902723735408, 0.9021821603083553]}