{
  "train/loss_classification": [
    0.5328233935565592,
    0.1504272024068877,
    0.124998739498415,
    0.10455332430096988,
    0.08684203097113695,
    0.08724048744183181,
    0.07775442709871046,
    0.09487568722519954,
    0.06440535466036831,
    0.07410291301646997,
    0.06385300469346221
  ],
  "train/classification_loss_outlier": [
    0.9389365918694004,
    1.181276887178421,
    0.5488059724996651,
    0.9798201531513917,
    0.4239243756562549,
    0.6888805543564901,
    0.502087651853518,
    0.3762938867912142,
    0.5513225737849579,
    0.7469254005371875,
    0.42887383401839146
  ],
  "train/classification_loss_non_outlier": [
    0.49812346641148364,
    0.06073724466732869,
    0.08744480076167628,
    0.027569111964826375,
    0.05710447927562642,
    0.03402823642756851,
    0.03568980368252715,
    0.06791883974801749,
    0.021232664311279122,
    0.015690557809359455,
    0.02896319376406745
  ],
  "train/recall": [
    0.5,
    0.6833514003361036,
    0.8561937694105594,
    0.7930934873015365,
    0.9062800668687161,
    0.8383818230186946,
    0.8973168847067641,
    0.9008810891581762,
    0.8725156292540595,
    0.828858703189364,
    0.9059704160052144
  ],
  "train/precision": [
    0.4605755732335049,
    0.9188010113846274,
    0.8607640089934279,
    0.9447115151057157,
    0.8885023845548412,
    0.8925552882423494,
    0.9194612506172178,
    0.876222227466427,
    0.9407666291847021,
    0.9603365485514729,
    0.9342186639079737
  ],
  "train/f1_score": [
    0.47947874802094753,
    0.7469868106367361,
    0.8584604809397183,
    0.8502427101493863,
    0.8971447676730935,
    0.8630231571294928,
    0.9080164541177344,
    0.8880660713165941,
    0.9031731117767137,
    0.8816008376095409,
    0.9195070928561495
  ],
  "validation/loss_classification": [
    0.5329504280254759,
    0.161486746325832,
    0.14699530431294236,
    0.11519091782272504,
    0.11950776302095117,
    0.10309983226510792,
    0.09763165279933862,
    0.11541063308210016,
    0.09114000336056302,
    0.09274819347523715,
    0.08409012227338249
  ],
  "validation/classification_loss_outlier": [
    0.9383169130275124,
    1.4258328738965487,
    0.7605071377597357,
    1.2927775398681038,
    0.8045272889890169,
    1.008507518587928,
    0.8927932975715712,
    0.5396818615202057,
    0.9762089179926797,
    1.2063022483336299,
    0.7745584340668038
  ],
  "validation/classification_loss_non_outlier": [
    0.4978741957195874,
    0.07230859500323904,
    0.11631088906192574,
    0.03990281244001255,
    0.08504706132225692,
    0.05140927581293187,
    0.05464418918287767,
    0.10054684660983561,
    0.040962496614344576,
    0.02787671148815144,
    0.05021795990012771
  ],
  "validation/recall": [
    0.5,
    0.635600925772855,
    0.8335675318234419,
    0.7551661431641594,
    0.8553066622582245,
    0.8591089436270458,
    0.8600595139692511,
    0.9176723425359563,
    0.862911224995867,
    0.8331542403703092,
    0.879897503719623
  ],
  "validation/precision": [
    0.4597902097902098,
    0.8122680118016561,
    0.8270921985815602,
    0.8797047970479706,
    0.8354665001755961,
    0.866392578536791,
    0.875,
    0.8389910103314102,
    0.9033347113132149,
    0.9288906624102155,
    0.8654580152671756
  ],
  "validation/f1_score": [
    0.4790528233151184,
    0.6819277108433734,
    0.8302896371095628,
    0.8026808594520008,
    0.8450253374140786,
    0.8627051960385294,
    0.8673413451402066,
    0.8730769230769231,
    0.8818168966604683,
    0.873779078545463,
    0.8725025329280649
  ],
  "test/loss_classification": [
    0.5385600707288516,
    0.1484590695571091,
    0.11733053223687713,
    0.09057630221280506,
    0.08525415929823608,
    0.07401193899173542,
    0.06865571330743447,
    0.0779025162870096,
    0.06576321520586104,
    0.06951354701719167,
    0.06049947392380938
  ],
  "test/classification_loss_outlier": [
    0.9382008877065446,
    1.1244673844840791,
    0.4828557569223146,
    0.8347725159385138,
    0.4016223556827754,
    0.5277984651814526,
    0.468153661957735,
    0.23234026743901065,
    0.5152913940190855,
    0.6556429201219645,
    0.3874335098856439
  ],
  "test/classification_loss_non_outlier": [
    0.498145706067651,
    0.06622235972623704,
    0.09817358314738435,
    0.03003970655154879,
    0.06259435530499381,
    0.03585732157807797,
    0.03677918792946927,
    0.06934262047742762,
    0.02628427483753096,
    0.01672173074103292,
    0.03100636017398309
  ],
  "test/recall": [
    0.5,
    0.7462406015037594,
    0.8961292119186856,
    0.8295739348370927,
    0.9072681704260652,
    0.9008284600389863,
    0.8998886104149262,
    0.9628237259816207,
    0.9027081592871067,
    0.8490323029796714,
    0.920286828181565
  ],
  "test/precision": [
    0.4539249146757679,
    0.9111595466434177,
    0.883423180592992,
    0.9335164835164835,
    0.9006163328197228,
    0.9220267546270845,
    0.9137136271967732,
    0.9151756440281031,
    0.9396686048721165,
    0.9487357350637726,
    0.9348170556035724
  ],
  "test/f1_score": [
    0.47584973166368516,
    0.8033876292007143,
    0.8896421845574388,
    0.8727746417716022,
    0.9039070658599946,
    0.9110813585040389,
    0.9066515628871818,
    0.9373287812101518,
    0.9201685633066017,
    0.8911792014856084,
    0.9273956600233637
  ]
}